detection_threshold,correction_threshold,max_levenshtein_distance,F0.5,Precision,Recall,TP,FP,FN
0.95,-1.0,1,0.7446,0.8042,0.5743,456,111,338
0.95,-1.5,1,0.7443,0.8032,0.5756,457,112,337
0.85,-1.0,1,0.7436,0.7901,0.602,478,127,316
0.85,-1.5,1,0.7433,0.7891,0.6033,479,128,315
0.9,-1.0,1,0.7416,0.7922,0.5907,469,123,325
0.95,-0.5,1,0.7413,0.8025,0.568,451,111,343
0.9,-1.5,1,0.7413,0.7912,0.5919,470,124,324
0.85,-0.5,1,0.7405,0.7883,0.5957,473,127,321
0.8,-1.0,1,0.7401,0.7819,0.6096,484,135,310
0.8,-1.5,1,0.7398,0.781,0.6108,485,136,309
0.75,-1.0,1,0.7396,0.7787,0.6159,489,139,305
0.75,-1.5,1,0.7393,0.7778,0.6171,490,140,304
0.85,0.0,1,0.7385,0.7965,0.5718,454,116,340
0.9,-0.5,1,0.7384,0.7905,0.5844,464,123,330
0.95,0.0,1,0.7372,0.809,0.5441,432,102,362
0.8,-0.5,1,0.7369,0.7801,0.6033,479,135,315
0.8,0.0,1,0.7367,0.7904,0.5793,460,122,334
0.75,-0.5,1,0.7365,0.7769,0.6096,484,139,310
0.9,0.0,1,0.7363,0.7989,0.5605,445,112,349
0.75,0.0,1,0.7362,0.7868,0.5856,465,126,329
0.95,-1.0,2,0.7245,0.7746,0.5756,457,133,337
0.95,-1.5,2,0.7224,0.771,0.5768,458,136,336
0.95,-0.5,2,0.7211,0.7726,0.5693,452,133,342
0.85,-1.0,2,0.721,0.7579,0.6033,479,153,315
0.9,-1.0,2,0.7195,0.7605,0.5919,470,148,324
0.85,-1.5,2,0.719,0.7547,0.6045,480,156,314
0.95,0.0,2,0.7183,0.7802,0.5453,433,122,361
0.8,-1.0,2,0.7179,0.7508,0.6108,485,161,309
0.85,0.0,2,0.7177,0.766,0.573,455,139,339
0.85,-0.5,2,0.7177,0.756,0.597,474,153,320
0.9,-1.5,2,0.7176,0.7572,0.5932,471,151,323
0.9,-0.5,2,0.7163,0.7586,0.5856,465,148,329
0.8,0.0,2,0.7163,0.7607,0.5806,461,145,333
0.95,-1.0,3,0.7163,0.7629,0.5756,457,142,337
0.9,0.0,2,0.7161,0.769,0.5617,446,134,348
0.75,-1.0,2,0.7151,0.7447,0.6171,490,168,304
0.8,-1.5,2,0.7151,0.7465,0.6121,486,165,308
0.8,-0.5,2,0.7147,0.7488,0.6045,480,161,314
0.75,0.0,2,0.7134,0.754,0.5869,466,152,328
0.95,-1.5,3,0.7134,0.7583,0.5768,458,146,336
0.95,-0.5,3,0.7129,0.7609,0.5693,452,142,342
0.75,-1.5,2,0.7124,0.7406,0.6184,491,172,303
0.75,-0.5,2,0.712,0.7427,0.6108,485,168,309
0.85,-1.0,3,0.7098,0.7426,0.6033,479,166,315
0.95,0.0,3,0.7098,0.7677,0.5453,433,131,361
0.9,-1.0,3,0.7083,0.7448,0.5919,470,161,324
0.85,-1.5,3,0.7071,0.7385,0.6045,480,170,314
0.85,0.0,3,0.707,0.7508,0.573,455,151,339
0.85,-0.5,3,0.7066,0.7406,0.597,474,166,320
0.8,-1.0,3,0.7062,0.7348,0.6108,485,175,309
0.8,0.0,3,0.7058,0.746,0.5806,461,157,333
0.9,-1.5,3,0.7055,0.7406,0.5932,471,165,323
0.9,0.0,3,0.7052,0.7534,0.5617,446,146,348
0.9,-0.5,3,0.705,0.7428,0.5856,465,161,329
0.75,-1.0,3,0.7036,0.7292,0.6171,490,182,304
0.75,0.0,3,0.7031,0.7397,0.5869,466,164,328
0.8,-0.5,3,0.703,0.7328,0.6045,480,175,314
0.8,-1.5,3,0.7027,0.7297,0.6121,486,180,308
0.75,-0.5,3,0.7005,0.7271,0.6108,485,182,309
0.75,-1.5,3,0.7002,0.7242,0.6184,491,187,303
0.75,0.5,1,0.65,0.8476,0.3363,267,48,527
0.85,0.5,1,0.6492,0.8562,0.33,262,44,532
0.8,0.5,1,0.6489,0.8494,0.3338,265,47,529
0.9,0.5,1,0.6468,0.8553,0.3275,260,44,534
0.95,0.5,1,0.637,0.8514,0.3174,252,44,542
0.85,0.5,2,0.6316,0.8168,0.3312,263,59,531
0.8,0.5,2,0.6315,0.811,0.335,266,62,528
0.9,0.5,2,0.6304,0.8182,0.3287,261,58,533
0.75,0.5,2,0.6291,0.8024,0.3375,268,66,526
0.8,0.5,3,0.6221,0.7917,0.335,266,70,528
0.85,0.5,3,0.622,0.797,0.3312,263,67,531
0.95,0.5,2,0.6219,0.8161,0.3186,253,57,541
0.9,0.5,3,0.6208,0.7982,0.3287,261,66,533
0.75,0.5,3,0.6198,0.7836,0.3375,268,74,526
0.95,0.5,3,0.6147,0.8006,0.3186,253,63,541
0.75,1.0,1,0.5917,0.8321,0.2746,218,44,576
0.8,1.0,1,0.5902,0.834,0.272,216,43,578
0.85,1.0,1,0.5884,0.8386,0.2683,213,41,581
0.9,1.0,1,0.5855,0.8373,0.2657,211,41,583
0.95,1.0,1,0.5734,0.832,0.2557,203,41,591
0.8,1.0,2,0.5729,0.7891,0.2733,217,58,577
0.75,1.0,2,0.5721,0.7821,0.2758,219,61,575
0.85,1.0,2,0.571,0.7926,0.2695,214,56,580
0.9,1.0,2,0.5693,0.794,0.267,212,55,582
0.8,1.0,3,0.5645,0.7695,0.2733,217,65,577
0.75,1.0,3,0.5639,0.7631,0.2758,219,68,575
0.85,1.0,3,0.5626,0.7726,0.2695,214,63,580
0.9,1.0,3,0.5608,0.7737,0.267,212,62,582
0.95,1.0,2,0.5586,0.7907,0.2569,204,54,590
0.95,1.0,3,0.5525,0.7757,0.2569,204,59,590
